timestamp,user_id,action,resource,result,ip_address
2025-10-04T08:00:00Z,user001,login,webapp,success,192.168.1.100
2025-10-04T08:05:23Z,user002,file_upload,storage,success,192.168.1.101
2025-10-04T08:12:45Z,user001,api_call,/api/evidence,success,192.168.1.100
2025-10-04T08:15:01Z,admin001,user_create,admin_panel,success,10.0.0.5
2025-10-04T08:20:33Z,user003,login,webapp,failed,203.0.113.45
2025-10-04T08:22:11Z,user003,login,webapp,success,203.0.113.45
2025-10-04T08:30:00Z,user002,file_download,storage,success,192.168.1.101
2025-10-04T08:45:22Z,service001,backup,database,success,10.0.0.10
2025-10-04T09:00:15Z,user001,logout,webapp,success,192.168.1.100
